flare_id,duration,att_in,peak_UTC,LC0_BKG,_id,GOES_class,GOES_flux,goes_estimated_min_class,goes_estimated_max_class,goes_estimated_mean_class,goes_estimated_min_flux,goes_estimated_max_flux,goes_estimated_mean_flux,CFL_X_arcsec,CFL_Y_arcsec,start_UTC,end_UTC,LC0_PEAK_COUNTS_4S,LC0_BKG_COUNTS_4S,LC1_PEAK_COUNTS_4S,LC1_BKG_COUNTS_4S,LC2_PEAK_COUNTS_4S,LC2_BKG_COUNTS_4S,LC3_PEAK_COUNTS_4S,LC3_BKG_COUNTS_4S,LC4_PEAK_COUNTS_4S,LC4_BKG_COUNTS_4S
2109252306,1412,False,2021-09-25T23:06:40.433,242.00761193876053,3424,B5.0,5.004426952837093e-07,B5,B10,B7,,,,,,2021-09-25T23:03:12.433,2021-09-25T23:26:44.435,1727,247.0,303,49.0,183,67.0,863,799.0,495,431.0
2109252204,216,False,2021-09-25T22:04:20.427,242.00761193876053,3423,B2.1,2.0600404582182819e-07,B2,B4,B3,,,,,,2021-09-25T22:03:20.427,2021-09-25T22:06:56.427,431,247.0,67,49.0,99,67.0,863,799.0,495,431.0
2109252139,124,False,2021-09-25T21:39:28.431,242.00761193876053,3422,B2.0,2.0092588215447904e-07,B2,B3,B2,,,,,,2021-09-25T21:38:12.431,2021-09-25T21:40:16.431,303,247.0,67,49.0,91,67.0,863,799.0,495,431.0
2109252113,140,False,2021-09-25T21:13:08.428,242.00761193876053,3421,B2.2,2.2137868427307694e-07,B2,B4,B3,,,,,,2021-09-25T21:12:00.428,2021-09-25T21:14:20.428,399,247.0,83,49.0,91,67.0,863,799.0,463,431.0
2109252058,428,False,2021-09-25T20:58:36.420,242.00761193876053,3420,B2.3,2.297030619047291e-07,B2,B3,B2,,,,,,2021-09-25T20:54:48.420,2021-09-25T21:01:56.421,335,247.0,67,49.0,83,67.0,863,799.0,543,431.0
2109252021,120,False,2021-09-25T20:21:44.416,242.00761193876053,3419,B1.9,1.9288859220978338e-07,B2,B3,B3,,,,,,2021-09-25T20:20:44.416,2021-09-25T20:22:44.417,367,247.0,75,49.0,83,67.0,863,799.0,495,431.0
2109251947,108,False,2021-09-25T19:47:04.413,242.00761193876053,3418,B1.9,1.8969143411595724e-07,B2,B3,B2,,,,,,2021-09-25T19:46:24.413,2021-09-25T19:48:12.413,303,247.0,67,49.0,75,67.0,863,799.0,463,431.0
2109251913,1316,False,2021-09-25T19:13:48.410,242.00761193876053,3417,C1.7,1.7193410712934565e-06,C1,C3,C2,,,,,,2021-09-25T19:09:40.409,2021-09-25T19:31:36.412,12799,247.0,1215,49.0,399,67.0,927,799.0,495,431.0
2109251904,220,False,2021-09-25T19:04:04.408,242.00761193876053,3416,B1.9,1.943542855542546e-07,B2,B3,B3,,,,,,2021-09-25T19:01:48.408,2021-09-25T19:05:28.409,367,247.0,75,49.0,91,67.0,927,799.0,495,431.0
2109251826,124,False,2021-09-25T18:26:40.405,243.1949641894677,3415,B2.0,1.9529996109213243e-07,B2,B3,B2,,,,,,2021-09-25T18:25:32.405,2021-09-25T18:27:36.405,335,247.0,67,49.0,91,67.0,863,799.0,495,431.0
2109251735,408,False,2021-09-25T17:35:20.399,243.1949641894677,3414,B2.4,2.395199771854095e-07,B3,B5,B4,,,,,,2021-09-25T17:33:20.399,2021-09-25T17:40:08.400,543,247.0,83,49.0,91,67.0,927,799.0,495,431.0
2109251700,176,False,2021-09-25T17:00:28.396,243.1949641894677,3413,B1.8,1.7947976971299795e-07,B2,B3,B2,,,,,,2021-09-25T16:58:24.396,2021-09-25T17:01:20.396,303,247.0,61,49.0,83,67.0,863,799.0,495,431.0
2109251623,516,False,2021-09-25T16:23:44.396,243.1949641894677,3412,B2.2,2.1919944970250071e-07,B2,B3,B2,,,,,,2021-09-25T16:22:00.395,2021-09-25T16:30:36.396,335,247.0,67,49.0,91,67.0,863,799.0,495,431.0
2109251607,428,False,2021-09-25T16:07:48.394,243.1949641894677,3411,B2.2,2.1518341952742048e-07,B2,B4,B3,,,,,,2021-09-25T16:04:40.394,2021-09-25T16:11:48.394,399,247.0,83,49.0,83,67.0,927,799.0,495,431.0
2109251553,128,False,2021-09-25T15:53:12.389,243.1949641894677,3410,B1.8,1.7981501798658428e-07,B2,B3,B2,,,,,,2021-09-25T15:52:12.389,2021-09-25T15:54:20.389,303,247.0,61,49.0,83,67.0,863,799.0,495,431.0
2109251542,80,False,2021-09-25T15:42:32.388,243.1949641894677,3409,B1.8,1.7813728447890753e-07,B2,B3,B2,,,,,,2021-09-25T15:41:56.388,2021-09-25T15:43:16.388,303,247.0,61,49.0,75,67.0,863,799.0,463,431.0
2109251412,372,False,2021-09-25T14:12:32.379,243.1949641894677,3408,B1.9,1.9373410964362847e-07,B2,B3,B2,,,,,,2021-09-25T14:11:32.378,2021-09-25T14:17:44.379,303,247.0,67,49.0,83,67.0,863,799.0,495,431.0
2109251336,396,False,2021-09-25T13:36:24.375,243.1949641894677,3407,B2.1,2.1490376411748002e-07,B2,B3,B2,,,,,,2021-09-25T13:34:32.375,2021-09-25T13:41:08.375,303,247.0,67,49.0,91,67.0,863,799.0,495,431.0
2109251240,676,False,2021-09-25T12:40:24.369,243.1949641894677,3406,B5.2,5.209116693549731e-07,B3,B5,B4,,,,,,2021-09-25T12:36:32.369,2021-09-25T12:47:48.370,671,247.0,99,49.0,83,67.0,863,799.0,543,431.0
2109251150,2312,False,2021-09-25T11:50:56.364,243.1949641894677,3405,B7.8,7.77887748881767e-07,B4,B7,B5,,,,,,2021-09-25T11:43:12.363,2021-09-25T12:21:44.367,991,247.0,115,49.0,99,67.0,927,799.0,495,431.0
2109251125,1644,False,2021-09-25T11:25:08.362,243.1949641894677,3404,C1.1,1.081718664863729e-06,B6,C1,B8,,,,,,2021-09-25T11:08:28.360,2021-09-25T11:35:52.363,2175,247.0,247,49.0,99,67.0,927,799.0,495,431.0
2109250950,384,False,2021-09-25T09:50:12.352,241.62258684461196,3402,B2.5,2.4552042532377527e-07,B2,B3,B2,,,,,,2021-09-25T09:45:24.352,2021-09-25T09:51:48.353,335,271.0,75,49.0,83,67.0,927,799.0,495,431.0
2109250942,168,False,2021-09-25T09:42:40.352,241.62258684461196,3401,B2.2,2.2422685219680716e-07,B2,B3,B2,,,,,,2021-09-25T09:41:24.351,2021-09-25T09:44:12.352,335,271.0,67,49.0,75,67.0,927,799.0,463,431.0
2109250916,424,False,2021-09-25T09:16:00.350,241.62258684461196,3400,B2.9,2.948188750906411e-07,B2,B3,B2,,,,,,2021-09-25T09:12:00.349,2021-09-25T09:19:04.350,335,271.0,67,49.0,83,67.0,863,799.0,495,431.0
2109250856,1476,False,2021-09-25T08:56:48.348,241.62258684461196,3399,B3.3,3.29617506622526e-07,B3,B4,B3,,,,,,2021-09-25T08:43:44.345,2021-09-25T09:08:20.349,543,271.0,75,49.0,91,67.0,863,799.0,543,431.0
2109250809,1716,False,2021-09-25T08:09:12.341,241.62258684461196,3398,B6.0,6.048841783012904e-07,B6,C1,B9,,,,,,2021-09-25T07:48:04.339,2021-09-25T08:16:40.342,2687,271.0,431,49.0,135,67.0,927,799.0,495,431.0
2109250610,988,False,2021-09-25T06:10:04.329,241.62258684461196,3397,B3.1,3.0858322475069144e-07,B4,B6,B5,,,,,,2021-09-25T06:08:44.329,2021-09-25T06:25:12.331,863,271.0,303,49.0,215,67.0,863,799.0,495,431.0
2109250548,112,False,2021-09-25T05:48:20.327,243.1949641894677,3403,B3.3,3.3008041100401897e-07,B2,B4,B3,,,,,,2021-09-25T05:47:28.327,2021-09-25T05:49:20.327,399,247.0,67,49.0,75,67.0,863,799.0,495,431.0
2109250539,1900,False,2021-09-25T05:39:08.326,241.62258684461196,3396,B3.5,3.475891787729779e-07,B2,B4,B3,,,,,,2021-09-25T05:35:16.326,2021-09-25T06:06:56.329,463,271.0,75,49.0,91,67.0,927,799.0,495,431.0
2109250425,72,False,2021-09-25T04:25:12.318,241.62258684461196,3395,NA,0.0,B2,B2,B2,,,,,,2021-09-25T04:24:36.318,2021-09-25T04:25:48.318,303,271.0,67,49.0,75,67.0,863,799.0,495,431.0
2109250418,132,False,2021-09-25T04:18:40.318,241.62258684461196,3394,NA,0.0,B2,B3,B3,,,,,,2021-09-25T04:17:44.318,2021-09-25T04:19:56.318,399,271.0,75,49.0,83,67.0,863,799.0,495,431.0
2109250349,2848,False,2021-09-25T03:49:08.315,241.62258684461196,3393,C1.4,1.4384264659383916e-06,B10,C2,C1,,,,,,2021-09-25T03:26:40.312,2021-09-25T04:14:08.317,6399,271.0,399,49.0,107,67.0,927,799.0,495,431.0
2109250316,120,False,2021-09-25T03:16:36.311,241.62258684461196,3392,B1.7,1.657104746755067e-07,B2,B4,B3,,,,,,2021-09-25T03:15:36.311,2021-09-25T03:17:36.312,431,271.0,91,49.0,83,67.0,863,799.0,495,431.0
2109250308,300,False,2021-09-25T03:08:48.311,241.62258684461196,3391,NA,0.0,B3,B6,B4,,,,,,2021-09-25T03:07:36.310,2021-09-25T03:12:36.311,799,271.0,167,49.0,91,67.0,927,799.0,495,431.0
2109250250,72,False,2021-09-25T02:50:00.309,241.62258684461196,3390,NA,0.0,B2,B2,B2,,,,,,2021-09-25T02:49:20.309,2021-09-25T02:50:32.309,303,271.0,67,49.0,75,67.0,863,799.0,495,431.0
2109250127,1820,False,2021-09-25T01:27:00.300,242.23212854721928,3389,B9.9,9.928153303917497e-07,B9,C2,C1,,,,,,2021-09-25T01:15:52.299,2021-09-25T01:46:12.302,5375,247.0,463,49.0,135,67.0,927,799.0,543,431.0
2109250103,104,False,2021-09-25T01:03:52.298,242.23212854721928,3388,B1.7,1.658230104339964e-07,B2,B3,B2,,,,,,2021-09-25T01:03:00.298,2021-09-25T01:04:44.298,335,247.0,67,49.0,75,67.0,927,799.0,543,431.0
2109250039,192,False,2021-09-25T00:39:32.295,242.23212854721928,3387,B2.1,2.1003687322718179e-07,B3,B5,B4,,,,,,2021-09-25T00:38:28.295,2021-09-25T00:41:40.296,543,247.0,99,49.0,91,67.0,863,799.0,495,431.0
2109250028,440,False,2021-09-25T00:28:40.294,242.23212854721928,3386,B2.6,2.593131682715466e-07,B3,B5,B4,,,,,,2021-09-25T00:25:24.294,2021-09-25T00:32:44.295,607,247.0,99,49.0,91,67.0,863,799.0,543,431.0
2109250008,260,False,2021-09-25T00:08:52.292,242.23212854721928,3385,B2.0,2.0081211005162913e-07,B3,B4,B3,,,,,,2021-09-25T00:07:44.292,2021-09-25T00:12:04.293,495,247.0,99,49.0,83,67.0,927,799.0,495,431.0
2109242353,280,False,2021-09-24T23:53:04.291,242.23212854721928,3384,B1.9,1.8849763705475198e-07,B2,B2,B2,,,,,,2021-09-24T23:50:56.290,2021-09-24T23:55:36.291,303,247.0,67,49.0,83,67.0,863,799.0,495,431.0
2109242342,108,False,2021-09-24T23:42:32.289,242.23212854721928,3383,B1.6,1.554299018380334e-07,B2,B2,B2,,,,,,2021-09-24T23:41:32.289,2021-09-24T23:43:20.290,303,247.0,61,49.0,83,67.0,927,799.0,463,431.0
2109242334,300,False,2021-09-24T23:34:16.289,242.23212854721928,3382,B2.0,2.0097897390769504e-07,B2,B4,B3,,,,,,2021-09-24T23:32:40.288,2021-09-24T23:37:40.289,463,247.0,91,49.0,91,67.0,863,799.0,495,431.0
2109242251,216,False,2021-09-24T22:51:40.284,242.23212854721928,3381,B3.3,3.2706893193790165e-07,B6,C1,B8,,,,,,2021-09-24T22:50:28.284,2021-09-24T22:54:04.285,2175,247.0,735,49.0,367,67.0,863,799.0,495,431.0
2109242228,1144,False,2021-09-24T22:28:16.282,242.23212854721928,3380,B2.3,2.2870541727115778e-07,B2,B4,B3,,,,,,2021-09-24T22:19:24.281,2021-09-24T22:38:28.283,399,247.0,67,49.0,83,67.0,927,799.0,495,431.0
2109242215,280,False,2021-09-24T22:15:20.281,242.23212854721928,3379,B1.7,1.7496414272955008e-07,B2,B3,B2,,,,,,2021-09-24T22:12:16.280,2021-09-24T22:16:56.281,335,247.0,61,49.0,75,67.0,927,799.0,495,431.0
2109242146,188,False,2021-09-24T21:46:04.278,242.23212854721928,3378,B1.5,1.5160669875058375e-07,B2,B2,B2,,,,,,2021-09-24T21:43:56.277,2021-09-24T21:47:04.278,303,247.0,75,49.0,91,67.0,863,799.0,495,431.0
2109242126,368,False,2021-09-24T21:26:20.276,242.23212854721928,3377,B3.5,3.4697131923167035e-07,B6,C1,B9,,,,,,2021-09-24T21:23:48.275,2021-09-24T21:29:56.276,2687,247.0,463,49.0,167,67.0,927,799.0,495,431.0
2109242113,232,False,2021-09-24T21:13:20.274,242.23212854721928,3376,B2.5,2.5203738118761976e-07,B6,C1,B8,,,,,,2021-09-24T21:12:04.274,2021-09-24T21:15:56.275,2431,247.0,607,49.0,271,67.0,927,799.0,495,431.0
2109242019,268,False,2021-09-24T20:19:56.269,242.23212854721928,3375,B2.4,2.408802117770392e-07,B3,B5,B4,,,,,,2021-09-24T20:18:44.269,2021-09-24T20:23:12.270,671,247.0,115,49.0,83,67.0,927,799.0,495,431.0
2109241944,172,False,2021-09-24T19:44:24.265,242.23212854721928,3374,B1.7,1.7108378358443588e-07,B2,B3,B2,,,,,,2021-09-24T19:43:44.265,2021-09-24T19:46:36.265,335,247.0,67,49.0,83,67.0,863,799.0,463,431.0
2109241805,2616,False,2021-09-24T18:05:24.255,242.23212854721928,3373,B5.4,5.361671355785802e-07,B4,B8,B6,,,,,,2021-09-24T17:57:44.254,2021-09-24T18:41:20.259,1215,247.0,115,49.0,91,67.0,863,799.0,495,431.0
2109241759,104,False,2021-09-24T17:59:28.254,229.4,3372,B2.0,2.0277967394122243e-07,B2,B4,B3,,,,,,2021-09-24T17:58:36.254,2021-09-24T18:00:20.254,463,247.0,99,49.0,91,67.0,863,799.0,463,431.0
2109241736,116,False,2021-09-24T17:36:32.252,229.4,3371,B1.8,1.7937482255092618e-07,B2,B3,B2,,,,,,2021-09-24T17:35:24.252,2021-09-24T17:37:20.252,335,247.0,67,49.0,99,67.0,863,799.0,495,431.0
2109241619,1212,False,2021-09-24T16:19:32.244,229.4,3370,B4.0,4.033578591133846e-07,B3,B5,B4,,,,,,2021-09-24T16:07:28.243,2021-09-24T16:27:40.245,543,247.0,91,49.0,99,67.0,927,799.0,495,431.0
2109241601,388,False,2021-09-24T16:01:36.242,229.4,3369,B1.9,1.8565948778359598e-07,B2,B3,B3,,,,,,2021-09-24T15:57:40.242,2021-09-24T16:04:08.243,367,247.0,67,49.0,91,67.0,927,799.0,495,431.0
2109241429,160,False,2021-09-24T14:29:08.233,229.4,3368,B1.7,1.7148768449715135e-07,B2,B2,B2,,,,,,2021-09-24T14:28:12.233,2021-09-24T14:30:52.233,303,247.0,67,49.0,83,67.0,863,799.0,463,431.0
2109241332,44,False,2021-09-24T13:32:36.227,229.4,3367,B1.5,1.4926882840882172e-07,B2,B2,B2,,,,,,2021-09-24T13:32:12.227,2021-09-24T13:32:56.227,271,247.0,67,49.0,75,67.0,863,799.0,495,431.0
2109241256,472,False,2021-09-24T12:56:52.223,229.4,3366,B2.3,2.2937534538414184e-07,B2,B3,B2,,,,,,2021-09-24T12:53:36.223,2021-09-24T13:01:28.224,335,247.0,67,49.0,91,67.0,863,799.0,495,431.0
2109241208,160,False,2021-09-24T12:08:04.218,229.4,3365,B2.3,2.3365375056982884e-07,B2,B2,B2,,,,,,2021-09-24T12:06:28.218,2021-09-24T12:09:08.218,303,247.0,67,49.0,91,67.0,863,799.0,463,431.0
2109241004,536,False,2021-09-24T10:04:00.206,236.8666666666667,3364,B3.0,2.963554948109959e-07,B3,B5,B4,,,,,,2021-09-24T09:59:32.205,2021-09-24T10:08:28.206,543,247.0,75,49.0,91,67.0,863,799.0,495,431.0
2109240657,988,False,2021-09-24T06:57:08.186,236.8666666666667,3363,C3.0,2.988227151945466e-06,C2,C4,C3,,,,,,2021-09-24T06:53:40.186,2021-09-24T07:10:08.188,19455,247.0,1087,49.0,167,67.0,927,799.0,495,431.0
2109240633,380,False,2021-09-24T06:33:00.184,236.8666666666667,3362,B2.4,2.3610846255905926e-07,B2,B3,B2,,,,,,2021-09-24T06:31:32.184,2021-09-24T06:37:52.184,335,247.0,67,49.0,91,67.0,863,799.0,495,431.0
2109240627,140,False,2021-09-24T06:27:40.184,236.8666666666667,3361,B2.1,2.1267972272198676e-07,B2,B4,B3,,,,,,2021-09-24T06:26:24.183,2021-09-24T06:28:44.184,463,247.0,83,49.0,83,67.0,863,799.0,495,431.0
2109240614,264,False,2021-09-24T06:14:56.182,236.8666666666667,3360,B2.5,2.5065060071938206e-07,B4,B6,B5,,,,,,2021-09-24T06:13:24.182,2021-09-24T06:17:48.183,863,247.0,107,49.0,99,67.0,863,799.0,495,431.0
2109240445,92,False,2021-09-24T04:45:24.173,236.8666666666667,3359,NA,0.0,B2,B2,B2,,,,,,2021-09-24T04:44:48.173,2021-09-24T04:46:20.173,303,247.0,61,49.0,83,67.0,863,799.0,463,431.0
2109240403,120,False,2021-09-24T04:03:28.169,236.8666666666667,3358,B1.6,1.641895579496122e-07,B2,B2,B2,,,,,,2021-09-24T04:02:48.169,2021-09-24T04:04:48.169,303,247.0,67,49.0,83,67.0,863,799.0,495,431.0
2109240303,280,False,2021-09-24T03:03:00.163,236.8666666666667,3357,B1.9,1.9070134271714778e-07,B2,B3,B3,,,,,,2021-09-24T03:01:16.163,2021-09-24T03:05:56.163,367,247.0,83,49.0,83,67.0,863,799.0,495,431.0
2109240248,176,False,2021-09-24T02:48:28.161,236.8666666666667,3356,B2.0,2.0043135862124473e-07,B3,B5,B4,,,,,,2021-09-24T02:47:16.161,2021-09-24T02:50:12.162,543,247.0,135,49.0,91,67.0,863,799.0,495,431.0
2109240235,212,False,2021-09-24T02:35:28.160,236.8666666666667,3355,B1.9,1.876347539564449e-07,B2,B3,B3,,,,,,2021-09-24T02:34:12.160,2021-09-24T02:37:44.160,367,247.0,91,49.0,91,67.0,863,799.0,495,431.0
2109240137,80,False,2021-09-24T01:37:24.154,242.8065039970336,3354,B1.6,1.6211109254982148e-07,B2,B2,B2,,,,,,2021-09-24T01:36:36.154,2021-09-24T01:37:56.154,303,271.0,61,49.0,83,67.0,863,799.0,463,431.0
2109232211,152,False,2021-09-23T22:11:56.133,242.8065039970336,3353,B1.6,1.6076683095889166e-07,B2,B3,B2,,,,,,2021-09-23T22:11:00.133,2021-09-23T22:13:32.133,335,271.0,67,49.0,99,67.0,863,799.0,463,431.0
2109232055,272,False,2021-09-23T20:55:28.125,242.8065039970336,3352,B3.1,3.1172118042377406e-07,B2,B4,B3,,,,,,2021-09-23T20:54:04.125,2021-09-23T20:58:36.125,495,271.0,75,49.0,83,67.0,927,799.0,495,431.0
2109232037,988,False,2021-09-23T20:37:20.123,242.8065039970336,3351,C1.1,1.0637852483341703e-06,B8,C2,C1,,,,,,2021-09-23T20:32:40.122,2021-09-23T20:49:08.124,4863,271.0,799,49.0,367,67.0,927,799.0,495,431.0
2109232024,200,False,2021-09-23T20:24:28.122,242.8065039970336,3350,B1.8,1.8487467912109423e-07,B2,B3,B2,,,,,,2021-09-23T20:22:08.121,2021-09-23T20:25:28.122,335,271.0,67,49.0,91,67.0,863,799.0,463,431.0
2109231950,188,False,2021-09-23T19:50:20.118,242.8065039970336,3349,B1.8,1.769996060829726e-07,B2,B3,B2,,,,,,2021-09-23T19:49:12.118,2021-09-23T19:52:20.119,335,271.0,67,49.0,83,67.0,863,799.0,495,431.0
2109231920,372,False,2021-09-23T19:20:36.115,242.8065039970336,3348,B3.2,3.158384629387001e-07,B4,B7,B5,,,,,,2021-09-23T19:17:12.115,2021-09-23T19:23:24.115,991,271.0,107,49.0,91,67.0,927,799.0,495,431.0
2109231731,172,False,2021-09-23T17:31:16.204,233.6666666666667,3347,B2.3,2.3420317063482798e-07,B2,B3,B2,,,,,,2021-09-23T17:30:20.204,2021-09-23T17:33:12.204,335,271.0,67,49.0,83,67.0,863,799.0,543,431.0
2109231524,4744,False,2021-09-23T15:24:44.191,233.6666666666667,3346,M1.9,1.8943426766782068e-05,M1,M4,M2,,,,,,2021-09-23T15:20:04.190,2021-09-23T16:39:08.201,344063,271.0,38911,49.0,6399,67.0,2687,799.0,735,431.0
2109231509,716,False,2021-09-23T15:09:16.189,233.6666666666667,3345,B5.5,5.48510968201299e-07,B6,C1,B9,,,,,,2021-09-23T15:04:56.189,2021-09-23T15:16:52.190,2687,271.0,271,49.0,115,67.0,863,799.0,495,431.0
2109231450,120,False,2021-09-23T14:50:32.188,233.6666666666667,3344,B2.2,2.2143910882732598e-07,B2,B3,B2,,,,,,2021-09-23T14:49:44.188,2021-09-23T14:51:44.188,367,271.0,67,49.0,83,67.0,863,799.0,495,431.0
2109231408,216,False,2021-09-23T14:08:24.183,233.6666666666667,3343,B3.4,3.3885984862536134e-07,B3,B5,B4,,,,,,2021-09-23T14:07:12.183,2021-09-23T14:10:48.184,671,271.0,115,49.0,83,67.0,927,799.0,495,431.0
2109231350,856,False,2021-09-23T13:50:16.182,233.6666666666667,3342,B6.1,6.09927440109459e-07,B4,B7,B5,,,,,,2021-09-23T13:44:52.181,2021-09-23T13:59:08.183,1087,271.0,135,49.0,99,67.0,927,799.0,495,431.0
2109231320,84,False,2021-09-23T13:20:20.179,233.6666666666667,3341,B1.9,1.8711531879489485e-07,B2,B3,B2,,,,,,2021-09-23T13:19:52.179,2021-09-23T13:21:16.179,335,271.0,67,49.0,83,67.0,863,799.0,463,431.0
2109231240,872,False,2021-09-23T12:40:12.174,233.6666666666667,3340,B7.1,7.142312483665592e-07,B8,C2,C1,,,,,,2021-09-23T12:36:52.174,2021-09-23T12:51:24.176,4863,271.0,799,49.0,199,67.0,927,799.0,495,431.0
2109231220,180,False,2021-09-23T12:20:28.172,233.6666666666667,3339,B2.0,2.0429818903267005e-07,B2,B3,B2,,,,,,2021-09-23T12:19:04.172,2021-09-23T12:22:04.172,335,271.0,75,49.0,83,67.0,927,799.0,495,431.0
2109231138,60,False,2021-09-23T11:38:08.168,233.6666666666667,3338,B2.3,2.2894910500781407e-07,B2,B2,B2,,,,,,2021-09-23T11:37:40.168,2021-09-23T11:38:40.168,303,271.0,61,49.0,75,67.0,863,799.0,495,431.0
2109230913,32,False,2021-09-23T09:13:52.153,233.6666666666667,3337,NA,0.0,B2,B2,B2,,,,,,2021-09-23T09:13:44.153,2021-09-23T09:14:16.153,303,271.0,61,49.0,75,67.0,863,799.0,463,431.0
2109230858,216,False,2021-09-23T08:58:56.151,242.87458867762834,3336,B3.1,3.105225232502562e-07,B2,B4,B3,,,,,,2021-09-23T08:57:56.151,2021-09-23T09:01:32.152,431,247.0,99,49.0,91,67.0,863,799.0,495,431.0
2109230850,200,False,2021-09-23T08:50:20.151,242.87458867762834,3335,B3.9,3.867282885039458e-07,B2,B4,B3,,,,,,2021-09-23T08:49:08.150,2021-09-23T08:52:28.151,463,247.0,91,49.0,83,67.0,863,799.0,495,431.0
2109230840,344,False,2021-09-23T08:40:04.149,242.87458867762834,3334,B3.9,3.866611848479806e-07,B3,B5,B4,,,,,,2021-09-23T08:37:44.149,2021-09-23T08:43:28.150,543,247.0,91,49.0,83,67.0,927,799.0,543,431.0
2109230822,104,False,2021-09-23T08:22:52.148,242.87458867762834,3333,B2.8,2.848066742444644e-07,B2,B3,B3,,,,,,2021-09-23T08:22:00.148,2021-09-23T08:23:44.148,367,247.0,67,49.0,83,67.0,863,799.0,495,431.0
2109230803,412,False,2021-09-23T08:03:32.146,242.87458867762834,3332,B4.3,4.2553773482723045e-07,B3,B5,B4,,,,,,2021-09-23T08:00:52.145,2021-09-23T08:07:44.146,671,247.0,91,49.0,91,67.0,863,799.0,495,431.0
2109230734,68,False,2021-09-23T07:34:12.143,242.87458867762834,3331,B2.8,2.784167918434832e-07,B2,B2,B2,,,,,,2021-09-23T07:33:28.143,2021-09-23T07:34:36.143,303,247.0,67,49.0,83,67.0,863,799.0,495,431.0
2109230701,484,False,2021-09-23T07:01:28.139,242.87458867762834,3330,B3.4,3.4484443744986493e-07,B2,B3,B3,,,,,,2021-09-23T07:00:20.139,2021-09-23T07:08:24.140,367,247.0,75,49.0,83,67.0,863,799.0,495,431.0
2109230622,144,False,2021-09-23T06:22:52.137,242.87458867762834,3329,B3.2,3.2048941989160085e-07,B2,B3,B2,,,,,,2021-09-23T06:21:40.137,2021-09-23T06:24:04.137,335,247.0,67,49.0,75,67.0,863,799.0,495,431.0
2109230557,520,False,2021-09-23T05:57:24.133,242.87458867762834,3328,B3.9,3.9312777744271443e-07,B3,B5,B4,,,,,,2021-09-23T05:51:56.132,2021-09-23T06:00:36.135,543,247.0,115,49.0,123,67.0,927,799.0,495,431.0
2109230437,4152,False,2021-09-23T04:37:40.125,242.87458867762834,3327,B4.8,4.75177898806578e-07,M2,M5,M3,,,,,,2021-09-23T04:18:40.123,2021-09-23T05:27:52.130,507903,247.0,59391,49.0,5375,67.0,1215,799.0,543,431.0
2109230350,628,False,2021-09-23T03:50:04.121,242.87458867762834,3326,B3.1,3.125701084627508e-07,B3,B6,B4,,,,,,2021-09-23T03:45:04.121,2021-09-23T03:55:32.122,799,247.0,183,49.0,115,67.0,863,799.0,495,431.0
2109230300,644,False,2021-09-23T03:00:56.115,242.87458867762834,3325,B2.1,2.0935894440299307e-07,B2,B4,B3,,,,,,2021-09-23T02:57:04.114,2021-09-23T03:07:48.115,399,247.0,75,49.0,91,67.0,863,799.0,495,431.0
2109230209,472,False,2021-09-23T02:09:40.109,242.87458867762834,3324,B2.4,2.4297040113197e-07,B2,B3,B2,,,,,,2021-09-23T02:04:24.109,2021-09-23T02:12:16.110,335,247.0,67,49.0,99,67.0,927,799.0,495,431.0
2109230141,536,False,2021-09-23T01:41:04.107,242.7186661201564,3323,B3.0,2.983341289564123e-07,B4,B7,B5,,,,,,2021-09-23T01:39:48.106,2021-09-23T01:48:44.107,991,247.0,271,49.0,151,67.0,927,799.0,495,431.0
2109230105,172,False,2021-09-23T01:05:00.103,242.7186661201564,3322,B1.5,1.4977786122472025e-07,B2,B4,B3,,,,,,2021-09-23T01:04:04.103,2021-09-23T01:06:56.103,399,247.0,83,49.0,83,67.0,863,799.0,495,431.0
2109222352,300,False,2021-09-22T23:52:56.096,242.7186661201564,3321,B2.0,1.9507928072926006e-07,B2,B3,B3,,,,,,2021-09-22T23:51:00.095,2021-09-22T23:56:00.096,367,247.0,67,49.0,83,67.0,863,799.0,495,431.0
2109222230,556,False,2021-09-22T22:30:40.087,242.7186661201564,3320,B2.4,2.4125810682562587e-07,B2,B4,B3,,,,,,2021-09-22T22:28:44.087,2021-09-22T22:38:00.088,431,247.0,75,49.0,83,67.0,863,799.0,543,431.0
2109222222,524,False,2021-09-22T22:22:48.086,242.7186661201564,3319,B3.0,3.021014833848312e-07,B4,B7,B5,,,,,,2021-09-22T22:18:40.086,2021-09-22T22:27:24.087,927,247.0,151,49.0,99,67.0,927,799.0,495,431.0
2109222210,248,False,2021-09-22T22:10:52.085,242.7186661201564,3318,B1.7,1.6848930783908145e-07,B2,B3,B2,,,,,,2021-09-22T22:08:52.085,2021-09-22T22:13:00.085,335,247.0,67,49.0,83,67.0,863,799.0,495,431.0
2109222156,96,False,2021-09-22T21:56:52.084,242.7186661201564,3317,B1.7,1.707124965832918e-07,B2,B4,B3,,,,,,2021-09-22T21:56:00.084,2021-09-22T21:57:36.084,431,247.0,83,49.0,91,67.0,863,799.0,495,431.0
2109222147,260,False,2021-09-22T21:47:52.083,242.7186661201564,3316,B1.9,1.892583156859473e-07,B2,B4,B3,,,,,,2021-09-22T21:46:28.083,2021-09-22T21:50:48.083,463,247.0,123,49.0,123,67.0,863,799.0,495,431.0
2109222141,116,False,2021-09-22T21:41:08.082,242.7186661201564,3315,B1.4,1.3848907087776752e-07,B2,B3,B2,,,,,,2021-09-22T21:40:20.082,2021-09-22T21:42:16.082,335,247.0,67,49.0,83,67.0,863,799.0,495,431.0
2109222114,84,False,2021-09-22T21:14:40.079,242.7186661201564,3314,B1.3,1.2574231789130863e-07,B2,B3,B2,,,,,,2021-09-22T21:14:12.079,2021-09-22T21:15:36.079,335,247.0,61,49.0,75,67.0,863,799.0,495,431.0
2109222107,156,False,2021-09-22T21:07:40.079,242.7186661201564,3313,B1.6,1.552500492607578e-07,B2,B3,B3,,,,,,2021-09-22T21:06:16.078,2021-09-22T21:08:52.079,367,247.0,67,49.0,83,67.0,927,799.0,495,431.0
2109222052,64,False,2021-09-22T20:52:40.077,242.7186661201564,3312,B1.3,1.2908630253605224e-07,B2,B2,B2,,,,,,2021-09-22T20:51:56.077,2021-09-22T20:53:00.077,303,247.0,61,49.0,75,67.0,863,799.0,463,431.0
2109222021,196,False,2021-09-22T20:21:32.074,242.7186661201564,3311,B3.4,3.3890071904352226e-07,B4,B8,B6,,,,,,2021-09-22T20:20:12.074,2021-09-22T20:23:28.074,1343,247.0,151,49.0,99,67.0,863,799.0,463,431.0
2109222010,676,False,2021-09-22T20:10:16.073,242.7186661201564,3310,C1.1,1.1058975815103622e-06,B10,C2,C1,,,,,,2021-09-22T20:07:04.072,2021-09-22T20:18:20.074,6399,247.0,1471,49.0,1215,67.0,1471,799.0,543,431.0
2109221955,140,False,2021-09-22T19:55:28.071,242.7186661201564,3309,B1.7,1.6780730049958947e-07,B2,B3,B2,,,,,,2021-09-22T19:54:28.071,2021-09-22T19:56:48.071,335,247.0,67,49.0,83,67.0,927,799.0,495,431.0
2109221943,612,False,2021-09-22T19:43:48.070,242.7186661201564,3308,B2.8,2.805468284350354e-07,B3,B5,B4,,,,,,2021-09-22T15:48:44.038,2021-09-22T19:50:56.071,671,247.0,123,49.0,91,67.0,863,799.0,495,431.0
2109221804,220,False,2021-09-22T18:04:20.060,240.8430023020493,3307,B1.6,1.5920375062705716e-07,B2,B3,B2,,,,,,2021-09-22T18:03:24.060,2021-09-22T18:07:04.060,335,247.0,67,49.0,83,67.0,927,799.0,495,431.0
2109221753,104,False,2021-09-22T17:53:28.059,240.8430023020493,3306,B1.4,1.4444799489865545e-07,B2,B2,B2,,,,,,2021-09-22T17:52:28.059,2021-09-22T17:54:12.059,303,247.0,67,49.0,75,67.0,863,799.0,495,431.0
2109221605,72,False,2021-09-22T16:05:56.039,240.8430023020493,3305,B1.5,1.5027622168872767e-07,B2,B2,B2,,,,,,2021-09-22T16:05:08.039,2021-09-22T16:06:20.039,303,247.0,67,49.0,83,67.0,863,799.0,543,431.0
2109221536,168,False,2021-09-22T15:36:36.036,240.8430023020493,3304,B1.6,1.646744323124949e-07,B2,B2,B2,,,,,,2021-09-22T15:35:08.036,2021-09-22T15:37:56.037,303,247.0,61,49.0,75,67.0,863,799.0,495,431.0
2109221513,296,False,2021-09-22T15:13:32.034,240.8430023020493,3303,B1.6,1.5856255686230725e-07,B2,B4,B3,,,,,,2021-09-22T15:12:36.034,2021-09-22T15:17:32.035,399,247.0,75,49.0,91,67.0,927,799.0,495,431.0
2109221443,236,False,2021-09-22T14:43:04.031,240.8430023020493,3302,B1.7,1.69709835518006e-07,B2,B3,B2,,,,,,2021-09-22T14:42:08.031,2021-09-22T14:46:04.031,335,247.0,75,49.0,83,67.0,863,799.0,495,431.0
2109221418,112,False,2021-09-22T14:18:56.029,240.8430023020493,3301,B1.5,1.5418555676660617e-07,B2,B3,B2,,,,,,2021-09-22T14:18:04.028,2021-09-22T14:19:56.029,335,247.0,67,49.0,83,67.0,863,799.0,543,431.0
2109221348,260,False,2021-09-22T13:48:32.026,240.8430023020493,3300,B2.2,2.2373176022938424e-07,B3,B5,B4,,,,,,2021-09-22T13:47:00.025,2021-09-22T13:51:20.026,607,247.0,91,49.0,83,67.0,863,799.0,495,431.0
2109221333,212,False,2021-09-22T13:33:32.024,240.8430023020493,3299,B1.6,1.5565953503937635e-07,B2,B3,B2,,,,,,2021-09-22T13:31:08.024,2021-09-22T13:34:40.024,335,247.0,67,49.0,75,67.0,863,799.0,495,431.0
2109221312,448,False,2021-09-22T13:12:04.022,240.8430023020493,3298,B2.6,2.5649001145211514e-07,B2,B4,B3,,,,,,2021-09-22T13:08:36.022,2021-09-22T13:16:04.022,399,247.0,75,49.0,91,67.0,927,799.0,495,431.0
2109221305,88,False,2021-09-22T13:05:12.021,240.8430023020493,3297,B1.3,1.3365411177801434e-07,B2,B2,B2,,,,,,2021-09-22T13:04:24.021,2021-09-22T13:05:52.021,303,247.0,67,49.0,83,67.0,863,799.0,463,431.0
2109221226,192,False,2021-09-22T12:26:44.018,240.8430023020493,3296,B1.6,1.6320338147579605e-07,B2,B2,B2,,,,,,2021-09-22T12:26:04.018,2021-09-22T12:29:16.018,303,247.0,67,49.0,83,67.0,863,799.0,671,431.0
2109221205,84,False,2021-09-22T12:05:36.016,240.8430023020493,3295,B1.5,1.4604192699607665e-07,B2,B3,B2,,,,,,2021-09-22T12:04:48.015,2021-09-22T12:06:12.016,335,247.0,107,49.0,91,67.0,863,799.0,495,431.0
2109221159,232,False,2021-09-22T11:59:52.015,240.8430023020493,3294,B1.7,1.654925654293038e-07,B2,B3,B2,,,,,,2021-09-22T11:58:00.015,2021-09-22T12:01:52.015,335,247.0,61,49.0,91,67.0,863,799.0,495,431.0
2109221122,376,False,2021-09-22T11:22:04.011,240.8430023020493,3293,B3.3,3.280159432961227e-07,B4,B7,B5,,,,,,2021-09-22T11:19:44.011,2021-09-22T11:26:00.012,1087,247.0,135,49.0,91,67.0,927,799.0,463,431.0
2109221044,232,False,2021-09-22T10:44:32.008,240.8430023020493,3292,B1.5,1.501331325926003e-07,B2,B4,B3,,,,,,2021-09-22T10:43:08.007,2021-09-22T10:47:00.008,431,247.0,83,49.0,91,67.0,863,799.0,495,431.0
2109221024,380,False,2021-09-22T10:24:28.106,240.8430023020493,3291,B1.7,1.7127230478308775e-07,B2,B3,B2,,,,,,2021-09-22T10:21:12.105,2021-09-22T10:27:32.106,335,247.0,67,49.0,91,67.0,863,799.0,495,431.0
2109221009,764,False,2021-09-22T10:09:00.104,240.8430023020493,3290,B3.4,3.4125540082641237e-07,B4,B8,B6,,,,,,2021-09-22T09:59:40.103,2021-09-22T10:12:24.104,1343,247.0,303,49.0,215,67.0,927,799.0,495,431.0
2109220859,1112,False,2021-09-22T08:59:24.097,239.80928402021598,3289,B3.0,3.0094898306742834e-07,B2,B4,B3,,,,,,2021-09-22T08:54:20.097,2021-09-22T09:12:52.098,463,247.0,83,49.0,91,67.0,927,799.0,495,431.0
2109220825,152,False,2021-09-22T08:25:08.094,239.80928402021598,3288,B1.4,1.4272241344315262e-07,B2,B4,B3,,,,,,2021-09-22T08:23:36.094,2021-09-22T08:26:08.094,399,247.0,75,49.0,91,67.0,863,799.0,495,431.0
2109220759,440,False,2021-09-22T07:59:08.091,239.80928402021598,3287,B2.2,2.1551851148160495e-07,B2,B4,B3,,,,,,2021-09-22T07:57:56.091,2021-09-22T08:05:16.092,431,247.0,107,49.0,91,67.0,863,799.0,495,431.0
2109220711,124,False,2021-09-22T07:11:00.087,239.80928402021598,3286,B1.5,1.478436075785794e-07,B2,B3,B2,,,,,,2021-09-22T07:10:12.086,2021-09-22T07:12:16.087,335,247.0,61,49.0,75,67.0,863,799.0,495,431.0
2109220704,84,False,2021-09-22T07:04:20.086,239.80928402021598,3285,B1.4,1.3739899884512852e-07,B2,B3,B2,,,,,,2021-09-22T07:03:52.086,2021-09-22T07:05:16.086,335,247.0,61,49.0,83,67.0,863,799.0,463,431.0
2109220617,212,False,2021-09-22T06:17:36.081,239.80928402021598,3284,B1.7,1.6907240762975562e-07,B2,B3,B2,,,,,,2021-09-22T06:16:00.081,2021-09-22T06:19:32.081,335,247.0,67,49.0,91,67.0,927,799.0,495,431.0
2109220525,308,False,2021-09-22T05:25:52.079,239.80928402021598,3283,B2.2,2.1981225017952966e-07,B3,B5,B4,,,,,,2021-09-22T05:23:12.079,2021-09-22T05:28:20.079,607,247.0,75,49.0,83,67.0,863,799.0,495,431.0
2109220416,452,False,2021-09-22T04:16:20.069,239.80928402021598,3282,A,9.999999717180685e-10,B2,B4,B3,,,,,,2021-09-22T04:14:52.069,2021-09-22T04:22:24.070,431,247.0,67,49.0,91,67.0,927,799.0,495,431.0
2109220405,208,False,2021-09-22T04:05:36.068,239.80928402021598,3281,B1.8,1.7519919026653952e-07,B2,B2,B2,,,,,,2021-09-22T04:04:48.068,2021-09-22T04:08:16.069,303,247.0,67,49.0,83,67.0,863,799.0,495,431.0
2109220321,1388,False,2021-09-22T03:21:00.064,239.80928402021598,3280,B3.1,3.133304744551424e-07,B5,B9,B6,,,,,,2021-09-22T03:15:24.063,2021-09-22T03:38:32.066,1471,247.0,215,49.0,123,67.0,927,799.0,495,431.0
2109220206,124,False,2021-09-22T02:06:44.057,236.8666666666667,3279,B1.7,1.6908732902720658e-07,B2,B4,B3,,,,,,2021-09-22T02:05:40.056,2021-09-22T02:07:44.057,463,247.0,99,49.0,83,67.0,863,799.0,463,431.0
2109220154,156,False,2021-09-22T01:54:20.055,236.8666666666667,3278,B1.8,1.8280709923601535e-07,B3,B4,B4,,,,,,2021-09-22T01:52:48.055,2021-09-22T01:55:24.055,543,247.0,99,49.0,91,67.0,863,799.0,463,431.0
2109212351,2892,False,2021-09-21T23:51:32.043,236.8666666666667,3277,B4.1,4.131902642257046e-07,B3,B5,B4,,,,,,2021-09-21T23:28:00.041,2021-09-22T00:16:12.046,671,247.0,75,49.0,91,67.0,927,799.0,495,431.0
2109212321,104,False,2021-09-21T23:21:48.041,236.8666666666667,3276,B2.2,2.1880153155962034e-07,B2,B3,B2,,,,,,2021-09-21T23:20:56.040,2021-09-21T23:22:40.041,335,247.0,67,49.0,75,67.0,863,799.0,495,431.0
2109212316,132,False,2021-09-21T23:16:20.040,236.8666666666667,3275,B2.0,2.03781198138131e-07,B2,B3,B3,,,,,,2021-09-21T23:15:28.040,2021-09-21T23:17:40.040,367,247.0,67,49.0,91,67.0,863,799.0,495,431.0
2109212250,60,False,2021-09-21T22:50:48.037,236.8666666666667,3274,B1.4,1.3647714069975336e-07,B2,B2,B2,,,,,,2021-09-21T22:50:16.037,2021-09-21T22:51:16.037,303,247.0,67,49.0,83,67.0,863,799.0,463,431.0
2109212119,80,False,2021-09-21T21:19:44.028,236.8666666666667,3273,B1.2,1.2491999257235875e-07,B2,B2,B2,,,,,,2021-09-21T21:19:12.028,2021-09-21T21:20:32.028,303,247.0,61,49.0,75,67.0,863,799.0,463,431.0
2109212020,716,False,2021-09-21T20:20:36.123,236.8666666666667,3272,B5.1,5.118644708090869e-07,B5,C1,B7,,,,,,2021-09-21T20:16:00.122,2021-09-21T20:27:56.124,1983,247.0,303,49.0,183,67.0,863,799.0,495,431.0
2109211944,332,False,2021-09-21T19:44:36.119,236.8666666666667,3271,B1.0,1.0492409074913667e-07,B2,B3,B2,,,,,,2021-09-21T19:42:52.119,2021-09-21T19:48:24.120,335,247.0,75,49.0,83,67.0,863,799.0,495,431.0
2109211909,336,False,2021-09-21T19:09:36.116,236.8666666666667,3270,B1.6,1.6115129142235673e-07,B2,B3,B2,,,,,,2021-09-21T19:07:56.115,2021-09-21T19:13:32.116,335,247.0,67,49.0,91,67.0,863,799.0,495,431.0
2109211824,320,False,2021-09-21T18:24:12.111,240.18261111248572,3269,C1.2,1.1577708391996566e-06,B9,C2,C1,,,,,,2021-09-21T18:21:28.111,2021-09-21T18:26:48.111,5375,247.0,543,49.0,123,67.0,927,799.0,495,431.0
2109211812,136,False,2021-09-21T18:12:32.110,240.18261111248572,3268,B2.1,2.1002412609050225e-07,B3,B5,B4,,,,,,2021-09-21T18:11:24.110,2021-09-21T18:13:40.110,607,247.0,99,49.0,91,67.0,863,799.0,495,431.0
2109211750,96,False,2021-09-21T17:50:44.108,240.18261111248572,3267,B1.2,1.2077704525381705e-07,B2,B3,B2,,,,,,2021-09-21T17:49:52.108,2021-09-21T17:51:28.108,335,247.0,67,49.0,75,67.0,863,799.0,463,431.0
2109211718,92,False,2021-09-21T17:18:36.105,240.18261111248572,3266,B1.3,1.2969317708666495e-07,B2,B2,B2,,,,,,2021-09-21T17:17:48.105,2021-09-21T17:19:20.105,303,247.0,67,49.0,75,67.0,863,799.0,495,431.0
2109211659,180,False,2021-09-21T16:59:16.103,240.18261111248572,3265,B1.6,1.5838878653084976e-07,B2,B4,B3,,,,,,2021-09-21T16:57:40.103,2021-09-21T17:00:40.103,399,247.0,61,49.0,83,67.0,927,799.0,463,431.0
2109211632,84,False,2021-09-21T16:32:48.103,240.18261111248572,3264,B1.2,1.1984249681518122e-07,B2,B2,B2,,,,,,2021-09-21T16:32:16.102,2021-09-21T16:33:40.103,303,247.0,67,49.0,83,67.0,863,799.0,463,431.0
2109211608,108,False,2021-09-21T16:08:40.100,240.18261111248572,3263,B1.1,1.1380301856434016e-07,B2,B3,B2,,,,,,2021-09-21T16:07:52.100,2021-09-21T16:09:40.100,335,247.0,67,49.0,75,67.0,863,799.0,495,431.0
2109211513,200,False,2021-09-21T15:13:48.092,240.18261111248572,3262,B1.9,1.9084977509464807e-07,B3,B5,B4,,,,,,2021-09-21T15:12:20.092,2021-09-21T15:15:40.093,671,247.0,107,49.0,75,67.0,863,799.0,495,431.0
2109211421,452,False,2021-09-21T14:21:24.087,240.18261111248572,3261,B1.6,1.6097671107218048e-07,B2,B2,B2,,,,,,2021-09-21T14:18:24.087,2021-09-21T14:25:56.088,303,247.0,67,49.0,83,67.0,927,799.0,495,431.0
2109211246,116,False,2021-09-21T12:46:04.080,240.18261111248572,3260,B1.4,1.441145087710538e-07,B2,B3,B2,,,,,,2021-09-21T12:45:12.080,2021-09-21T12:47:08.081,335,247.0,75,49.0,83,67.0,863,799.0,463,431.0
2109211234,816,False,2021-09-21T12:34:08.077,240.18261111248572,3259,B3.3,3.26192406419068e-07,B4,B6,B5,,,,,,2021-09-21T12:27:32.076,2021-09-21T12:41:08.077,863,247.0,99,49.0,83,67.0,927,799.0,495,431.0
2109211223,412,False,2021-09-21T12:23:28.076,240.18261111248572,3258,B1.8,1.783576806246856e-07,B2,B3,B3,,,,,,2021-09-21T12:20:00.075,2021-09-21T12:26:52.076,367,247.0,67,49.0,91,67.0,863,799.0,495,431.0
2109211208,192,False,2021-09-21T12:08:56.074,240.18261111248572,3257,B2.0,1.9998893208139634e-07,B2,B2,B2,,,,,,2021-09-21T12:07:36.074,2021-09-21T12:10:48.074,303,247.0,67,49.0,83,67.0,863,799.0,495,431.0
2109211149,748,False,2021-09-21T11:49:00.072,240.18261111248572,3256,C1.9,1.8537433561505168e-06,C1,C3,C2,,,,,,2021-09-21T11:46:32.072,2021-09-21T11:59:00.073,10751,247.0,799,49.0,123,67.0,927,799.0,495,431.0
2109211107,492,False,2021-09-21T11:07:28.068,240.18261111248572,3255,B5.1,5.096939617033058e-07,B5,C1,B7,,,,,,2021-09-21T11:05:08.068,2021-09-21T11:13:20.069,1983,247.0,215,49.0,99,67.0,927,799.0,495,431.0
2109211056,124,False,2021-09-21T10:56:40.067,240.18261111248572,3254,B1.4,1.3778668517261394e-07,B2,B3,B2,,,,,,2021-09-21T10:55:32.067,2021-09-21T10:57:36.067,335,247.0,67,49.0,83,67.0,863,799.0,495,431.0
2109211043,164,False,2021-09-21T10:43:36.066,240.18261111248572,3253,B2.2,2.2086517503794312e-07,B2,B4,B3,,,,,,2021-09-21T10:42:36.066,2021-09-21T10:45:20.066,463,247.0,67,49.0,83,67.0,927,799.0,495,431.0
2109211033,280,False,2021-09-21T10:33:40.065,240.18261111248572,3252,B2.6,2.648306463015615e-07,B3,B4,B4,,,,,,2021-09-21T10:31:20.065,2021-09-21T10:36:00.065,543,247.0,75,49.0,83,67.0,863,799.0,495,431.0
2109211012,2084,False,2021-09-21T10:12:36.063,240.18261111248572,3251,B8.7,8.709168355380825e-07,B8,C2,C1,,,,,,2021-09-21T09:47:44.060,2021-09-21T10:22:28.064,4351,247.0,335,49.0,83,67.0,927,799.0,543,431.0
2109211007,44,False,2021-09-21T10:07:48.062,240.04833430774238,3250,B3.1,3.1350478479907906e-07,B3,B4,B4,,,,,,2021-09-21T10:07:16.062,2021-09-21T10:08:00.062,543,247.0,75,49.0,75,61.0,863,799.0,495,431.0
2109210959,120,False,2021-09-21T09:59:24.061,240.04833430774238,3249,B2.2,2.197377995116767e-07,B2,B4,B3,,,,,,2021-09-21T09:58:20.061,2021-09-21T10:00:20.061,431,247.0,75,49.0,83,61.0,863,799.0,495,431.0
2109210950,260,False,2021-09-21T09:50:20.060,240.04833430774238,3248,B2.9,2.918430368481495e-07,B3,B4,B4,,,,,,2021-09-21T09:49:00.060,2021-09-21T09:53:20.061,543,247.0,83,49.0,83,61.0,927,799.0,495,431.0
2109210943,272,False,2021-09-21T09:43:00.060,240.04833430774238,3247,B2.3,2.3214238353830297e-07,B3,B4,B3,,,,,,2021-09-21T09:41:08.060,2021-09-21T09:45:40.060,495,247.0,167,49.0,135,61.0,927,799.0,495,431.0
2109210859,1428,False,2021-09-21T08:59:32.056,240.04833430774238,3246,C1.4,1.3796525308862329e-06,C1,C2,C1,,,,,,2021-09-21T08:56:44.055,2021-09-21T09:20:32.058,6911,247.0,543,49.0,115,61.0,927,799.0,543,431.0
2109210822,260,False,2021-09-21T08:22:52.052,240.04833430774238,3245,B2.1,2.0607596695754182e-07,B2,B3,B3,,,,,,2021-09-21T08:20:36.052,2021-09-21T08:24:56.052,367,247.0,67,49.0,83,61.0,863,799.0,495,431.0
2109210739,172,False,2021-09-21T07:39:12.048,240.04833430774238,3244,B1.8,1.8012461566740967e-07,B2,B3,B3,,,,,,2021-09-21T07:38:12.048,2021-09-21T07:41:04.048,367,247.0,61,49.0,75,61.0,863,799.0,495,431.0
2109210726,84,False,2021-09-21T07:26:52.047,240.04833430774238,3243,B1.5,1.5088204463609145e-07,B2,B2,B2,,,,,,2021-09-21T07:25:48.046,2021-09-21T07:27:12.047,303,247.0,67,49.0,83,61.0,863,799.0,463,431.0
2109210704,68,False,2021-09-21T07:04:36.044,240.04833430774238,3242,B1.4,1.4336330877995351e-07,B2,B2,B2,,,,,,2021-09-21T07:03:52.044,2021-09-21T07:05:00.044,303,247.0,67,49.0,83,61.0,863,799.0,495,431.0
2109210646,292,False,2021-09-21T06:46:08.042,240.04833430774238,3241,B2.3,2.303070232301252e-07,B3,B4,B4,,,,,,2021-09-21T06:44:24.042,2021-09-21T06:49:16.043,543,247.0,67,49.0,83,61.0,863,799.0,495,431.0
2109210622,148,False,2021-09-21T06:22:08.040,240.04833430774238,3240,B2.0,2.0397855848841573e-07,B3,B5,B4,,,,,,2021-09-21T06:21:08.040,2021-09-21T06:23:36.040,607,247.0,215,49.0,167,61.0,927,799.0,495,431.0
2109210519,2192,False,2021-09-21T05:19:20.034,240.04833430774238,3239,B3.0,3.002197104251536e-07,B4,B6,B5,,,,,,2021-09-21T04:59:28.032,2021-09-21T05:36:00.036,863,247.0,151,49.0,99,61.0,927,799.0,543,431.0
2109210445,248,False,2021-09-21T04:45:24.031,240.04833430774238,3238,NA,0.0,B2,B3,B3,,,,,,2021-09-21T04:42:32.030,2021-09-21T04:46:40.031,367,247.0,67,49.0,83,61.0,927,799.0,495,431.0
2109210425,332,False,2021-09-21T04:25:20.029,240.04833430774238,3237,NA,0.0,B3,B5,B4,,,,,,2021-09-21T04:23:24.028,2021-09-21T04:28:56.029,607,247.0,107,49.0,83,61.0,927,799.0,495,431.0
2109210412,308,False,2021-09-21T04:12:32.027,240.04833430774238,3236,B2.1,2.070417934874058e-07,B2,B4,B3,,,,,,2021-09-21T04:11:08.027,2021-09-21T04:16:16.028,399,247.0,67,49.0,75,61.0,863,799.0,495,431.0
2109210357,500,False,2021-09-21T03:57:08.026,240.04833430774238,3235,B1.8,1.8410574398330937e-07,B2,B4,B3,,,,,,2021-09-21T03:52:24.025,2021-09-21T04:00:44.026,431,247.0,123,49.0,99,61.0,863,799.0,495,431.0
2109210336,552,False,2021-09-21T03:36:44.024,240.04833430774238,3234,B2.7,2.66579945673584e-07,B2,B4,B3,,,,,,2021-09-21T03:31:48.024,2021-09-21T03:41:00.025,463,247.0,67,49.0,91,61.0,927,799.0,543,431.0
2109210327,156,False,2021-09-21T03:27:56.023,240.04833430774238,3233,B1.3,1.2851610620145948e-07,B2,B3,B2,,,,,,2021-09-21T03:27:08.023,2021-09-21T03:29:44.023,335,247.0,75,49.0,75,61.0,927,799.0,495,431.0
2109210306,156,False,2021-09-21T03:06:16.021,240.04833430774238,3232,B1.3,1.3039635859968257e-07,B2,B2,B2,,,,,,2021-09-21T03:04:20.021,2021-09-21T03:06:56.021,303,247.0,67,49.0,83,61.0,863,799.0,495,431.0
2109210124,116,False,2021-09-21T01:24:20.011,227.2666666666667,3231,B1.2,1.1680085520993089e-07,B2,B2,B2,,,,,,2021-09-21T01:23:40.011,2021-09-21T01:25:36.011,303,247.0,67,49.0,83,61.0,863,799.0,495,431.0
2109202359,140,False,2021-09-20T23:59:36.102,227.2666666666667,3230,B1.3,1.3400305931554612e-07,B2,B2,B2,,,,,,2021-09-20T23:57:52.102,2021-09-21T00:00:12.103,303,247.0,61,49.0,83,61.0,863,799.0,463,431.0
2109202307,616,False,2021-09-20T23:07:00.098,227.2666666666667,3229,B2.8,2.8118745376559673e-07,B4,B7,B5,,,,,,2021-09-20T23:05:36.098,2021-09-20T23:15:52.099,991,247.0,135,49.0,83,61.0,927,799.0,543,431.0
2109202248,176,False,2021-09-20T22:48:04.096,227.2666666666667,3228,B1.4,1.358859123001821e-07,B2,B4,B3,,,,,,2021-09-20T22:47:04.096,2021-09-20T22:50:00.096,431,247.0,91,49.0,83,61.0,863,799.0,495,431.0
2109202227,252,False,2021-09-20T22:27:44.094,227.2666666666667,3227,B1.9,1.912645899437848e-07,B4,B8,B6,,,,,,2021-09-20T22:26:20.094,2021-09-20T22:30:32.094,1215,247.0,303,49.0,167,61.0,863,799.0,495,431.0
2109202210,112,False,2021-09-20T22:10:16.092,227.2666666666667,3226,B1.2,1.1589068549255899e-07,B2,B3,B2,,,,,,2021-09-20T22:09:24.092,2021-09-20T22:11:16.092,335,247.0,75,49.0,83,61.0,863,799.0,495,431.0
2109202138,1456,False,2021-09-20T21:38:44.089,227.2666666666667,3225,B3.3,3.334563700718718e-07,B6,C1,B8,,,,,,2021-09-20T21:34:52.089,2021-09-20T21:59:08.091,2175,247.0,367,49.0,151,61.0,927,799.0,495,431.0
2109202126,136,False,2021-09-20T21:26:16.088,227.2666666666667,3224,B1.5,1.5044196288727107e-07,B2,B3,B2,,,,,,2021-09-20T21:24:56.088,2021-09-20T21:27:12.088,335,247.0,57,49.0,75,61.0,863,799.0,495,431.0
2109202118,88,False,2021-09-20T21:18:04.087,227.2666666666667,3223,B1.2,1.2420534289958596e-07,B3,B4,B3,,,,,,2021-09-20T21:17:16.087,2021-09-20T21:18:44.087,495,247.0,107,49.0,83,61.0,863,799.0,463,431.0
2109202109,148,False,2021-09-20T21:09:48.086,227.2666666666667,3222,B1.6,1.6365966359899176e-07,B3,B4,B3,,,,,,2021-09-20T21:08:36.086,2021-09-20T21:11:04.086,495,247.0,75,49.0,91,61.0,927,799.0,495,431.0
2109202104,108,False,2021-09-20T21:04:36.085,227.2666666666667,3221,B1.4,1.38168502417102e-07,B2,B3,B3,,,,,,2021-09-20T21:03:48.085,2021-09-20T21:05:36.085,367,247.0,67,49.0,83,61.0,863,799.0,463,431.0
2109202056,288,False,2021-09-20T20:56:40.084,227.2666666666667,3220,B2.6,2.5999489139394427e-07,B5,B9,B7,,,,,,2021-09-20T20:53:36.084,2021-09-20T20:58:24.085,1727,247.0,199,49.0,91,61.0,863,799.0,495,431.0
2109202047,256,False,2021-09-20T20:47:24.084,227.2666666666667,3219,B1.3,1.3108311236464942e-07,B2,B3,B2,,,,,,2021-09-20T20:45:20.083,2021-09-20T20:49:36.084,335,247.0,75,49.0,83,61.0,863,799.0,495,431.0
2109202040,228,False,2021-09-20T20:40:52.083,227.2666666666667,3218,B1.6,1.6338350405931124e-07,B4,B6,B5,,,,,,2021-09-20T20:39:00.083,2021-09-20T20:42:48.083,863,247.0,151,49.0,99,61.0,863,799.0,495,431.0
2109202035,48,False,2021-09-20T20:35:08.082,227.2666666666667,3217,NA,0.0,B2,B2,B2,,,,,,2021-09-20T20:34:44.082,2021-09-20T20:35:32.082,303,247.0,67,49.0,75,61.0,863,799.0,495,431.0
2109202016,152,False,2021-09-20T20:16:40.081,227.2666666666667,3216,B1.4,1.41277297416309e-07,B3,B4,B4,,,,,,2021-09-20T20:15:36.080,2021-09-20T20:18:08.081,543,247.0,115,49.0,83,61.0,863,799.0,495,431.0
2109201957,132,False,2021-09-20T19:57:36.079,227.2666666666667,3215,B1.4,1.4265120285017474e-07,B3,B5,B4,,,,,,2021-09-20T19:56:40.079,2021-09-20T19:58:52.079,607,247.0,115,49.0,99,61.0,927,799.0,543,431.0
2109201937,268,False,2021-09-20T19:37:04.098,227.2666666666667,3214,B2.1,2.1347412371142127e-07,B3,B6,B4,,,,,,2021-09-20T19:36:00.098,2021-09-20T19:40:28.080,735,247.0,231,49.0,215,61.0,927,799.0,495,431.0
2109201930,80,False,2021-09-20T19:30:00.098,227.2666666666667,3213,B1.2,1.233824775681569e-07,B2,B3,B2,,,,,,2021-09-20T19:29:24.098,2021-09-20T19:30:44.098,335,247.0,67,49.0,75,61.0,863,799.0,463,431.0
2109201921,596,False,2021-09-20T19:21:40.097,227.2666666666667,3212,B4.1,4.0678432355889527e-07,B4,B8,B6,,,,,,2021-09-20T19:16:04.096,2021-09-20T19:26:00.097,1343,247.0,167,49.0,99,61.0,927,799.0,495,431.0
2109201904,504,False,2021-09-20T19:04:04.095,227.2666666666667,3211,B2.5,2.468895843321661e-07,B3,B5,B4,,,,,,2021-09-20T19:01:16.095,2021-09-20T19:09:40.095,671,247.0,83,49.0,83,61.0,863,799.0,495,431.0
2109201855,168,False,2021-09-20T18:55:24.094,227.2666666666667,3210,B1.2,1.2360509060727054e-07,B2,B3,B2,,,,,,2021-09-20T18:53:48.094,2021-09-20T18:56:36.094,335,247.0,67,49.0,75,61.0,863,799.0,495,431.0
